{"cameraMode":{"drawMode":0,"name":"Shaded","section":"Shading Mode"},"sceneLighting":true,"audioPlay":false,"sceneViewState":{"m_AlwaysRefresh":false,"showFog":true,"showSkybox":true,"showFlares":true,"showImageEffects":true,"showParticleSystems":true,"showVisualEffectGraphs":true,"m_FxEnabled":true},"in2DMode":false,"pivot":{"x":247.808349609375,"y":481.05511474609377,"z":-31.6458740234375},"rotation":{"x":0.023995937779545785,"y":-0.011996139772236348,"z":0.0002878471277654171,"w":0.9996401071548462},"size":317.8008117675781,"orthographic":false}